{
  "assetsByChunkName": {
    "vendors~app-account~app-confirmation~app-order": "chunk.e85aa2eb87c10eb77ac8.js",
    "vendors~app-account~app-checkout": "chunk.317d6d35559e707bf626.js",
    "vendors~app-cart~app-checkout": "chunk.e127be2406331dfe72db.js",
    "admin": [
      "admin.9f3d2339dee74e1cb71a.js",
      "admin.9f3d2339dee74e1cb71a.js.map"
    ],
    "app-account": "chunk.6c49a0a29cc6cd212375.js",
    "app-checkout": "chunk.865d63b3cf06f94b2d96.js",
    "app-confirmation": "chunk.633d965ae0a01b5266bb.js",
    "checkout": [
      "checkout.7f196bcba4106d8fd66c.js",
      "checkout.7f196bcba4106d8fd66c.js.map"
    ],
    "storefront": [
      "storefront.2b6bffd6fc44f9df1196.css",
      "storefront.c06e11fc5c7d142f8bfd.js",
      "storefront.2b6bffd6fc44f9df1196.css.map",
      "storefront.c06e11fc5c7d142f8bfd.js.map"
    ],
    "vendors~app-cart": "chunk.3e7fac33c44b77e18193.js",
    "vendors~app-order": "chunk.42958814c71a9f263832.js"
  }
}