{
  "youtube": "https://www.youtube.com/channel/UC1VfdZPWdhhp-aMSvR37YOA",
  "facebook": "https://www.facebook.com/pijamasluacheiasbc",
  "phone": "(11) 4365-4523",
  "doc_number": "Christine Morita Me 08.806.435/0001-30",
  "whatsapp": "(11) 9 7251-2693",
  "instagram": "https://www.instagram.com/pijamasluacheiasbc",
  "twitter": "",
  "address": "Av. Onze de Agosto, 164 - São Bernardo do Campo - SP - Cep.09607-020",
  "tiktok": "",
  "pinterest": "",
  "email": "faleconosco@pijamasluacheiasbc.com.br"
}