{
  "description": {
    "title": "",
    "text": ""
  },
  "links_1": {
    "list_pages": true,
    "title": "Sobre",
    "list": []
  },
  "links_2": {
    "list_categories": false,
    "title": "Categorias",
    "list": []
  },
  "contacts": {
    "title": "Contatos",
    "phone_wpp": true,
    "socials": true,
    "email": true,
    "address": true
  },
  "stamps": [
    {
      "src": "/img/uploads/iconssl.png",
      "alt": "Secure connection",
      "width": 150,
      "height": 62
    },
    {
      "src": "/img/uploads/icongoogle.png",
      "link": "https://transparencyreport.google.com/safe-browsing/search?url=https:%2F%2Fwww.pijamasluacheiasbc.com.br%2F&hl=pt_PT",
      "alt": "Google"
    }
  ],
  "payment_methods": {
    "bb": true,
    "visa": true,
    "boleto": false,
    "elo": true,
    "hipercard": true,
    "bradesco": true,
    "mastercard": true,
    "citibank": true,
    "pix": true,
    "amex": true,
    "itau": true
  },
  "credits": " "
}
