{
  "categories_list": {
    "featured": [
      "/maternidade/?Maternidade",
      "/pijamas/?Pijamas",
      "/chinelos-meias-acessorios/?Chinelos Meias Acessórios",
      "/moda-praia/?Moda Praia",
      "/moda-infantil/?Moda Infantil",
      "/moda-feminina/?Moda Feminina",
      "/moda-masculino/?Moda Masculina"
    ],
    "random": 0,
    "full_width": true
  },
  "menu_all_departments": false,
  "centralized_logo": true,
  "marketing_stripe": {
    "text": "Bem-vindos ao nosso novo site!",
    "link": "",
    "background": "#13294b",
    "color": "#ffffff"
  },
  "alphabetical_order_submenu": true,
  "name_all_departments": "",
  "search_input": true,
  "desktop_megamenu": true,
  "full_width_submenu": false,
  "contacts_stripe": {
    "pages": [],
    "phone_wpp": false,
    "socials": false
  }
}
