{
  "meta_title": "",
  "meta_description": "",
  "sections": [
    {
      "type": "banner-slider",
      "autoplay": 5000,
      "full_width": true,
      "slides": [
        {
          "start": "",
          "end": "",
          "img": "/img/uploads/desktopfamilia.jpg",
          "mobile_img": "/img/uploads/mobilefamilia.jpg"
        },
        {
          "start": "2026-02-11T03:00:00.000Z",
          "end": "2026-02-20T03:00:00.000Z",
          "img": "/img/uploads/carnavalbannerdesktop.jpg",
          "mobile_img": "/img/uploads/carnavalbannermobile.jpg"
        }
      ]
    },
    {
      "type": "info-bar",
      "enabled": false
    },
    {
      "type": "responsive-banner",
      "img": "/img/uploads/modelotarja.png",
      "mobile_img": "/img/uploads/modelotarja.png"
    },
    {
      "type": "banners-grid",
      "banners": [
        {
          "img": "/img/uploads/bannergridutfritas.jpg",
          "link": "https://pijamasluacheiasbc.com.br/universo-toque-frita"
        },
        {
          "img": "/img/uploads/bannergridveggilooney.jpg",
          "link": "https://pijamasluacheiasbc.com.br/veggi-looney-tunes/"
        },
        {
          "img": "/img/uploads/bannergridveggihp.jpg",
          "link": "https://pijamasluacheiasbc.com.br/veggi-hogwarts/"
        },
        {
          "img": "/img/uploads/bannergridmsnatal25.jpg",
          "link": "https://pijamasluacheiasbc.com.br/ms-natal/",
          "mobile_img": "/img/uploads/bannergridmsnatal25.jpg"
        },
        {
          "img": "/img/uploads/bannergridmsakita.jpg",
          "link": "https://pijamasluacheiasbc.com.br/ms-sempre-juntos",
          "mobile_img": "/img/uploads/bannergridmsakita.jpg"
        },
        {
          "img": "/img/uploads/bannergridreccobichinhos.jpg",
          "link": "https://pijamasluacheiasbc.com.br/recco-bichinhos"
        },
        {
          "img": "/img/uploads/bannergridreccotwo.jpg",
          "link": "https://pijamasluacheiasbc.com.br/recco-golden",
          "mobile_img": ""
        },
        {
          "img": "/img/uploads/bannergridreccocarinhojpg.jpg",
          "link": "https://pijamasluacheiasbc.com.br/recco-new-skin-carinho"
        },
        {
          "img": "/img/uploads/bannergridmscapivara.jpg",
          "link": "https://pijamasluacheiasbc.com.br/mensageiro-dos-sonhos-capivara/",
          "alt": ""
        },
        {
          "link": "https://pijamasluacheiasbc.com.br/veggi-superman",
          "img": "/img/uploads/bannergridveggisupeman.jpg"
        },
        {
          "img": "/img/uploads/bannergriddtsurf.jpg",
          "link": "https://pijamasluacheiasbc.com.br/dt-surf/"
        },
        {
          "img": "/img/uploads/bannergriddtsummer.jpg",
          "link": "https://pijamasluacheiasbc.com.br/dt-summer/"
        },
        {
          "img": "/img/uploads/bannergriddtsunny.jpg",
          "link": "https://pijamasluacheiasbc.com.br/dt-sunny/"
        },
        {
          "img": "/img/uploads/bannergridmscaranguejo.jpg",
          "link": "https://pijamasluacheiasbc.com.br/ms-caranguejos/"
        }
      ]
    },
    {
      "type": "collection-shelf",
      "shuffle": false,
      "limit": 12,
      "page": 1,
      "sort": "news",
      "title": "Novidades",
      "autoplay": 5000
    },
    {
      "type": "banner-slider",
      "autoplay": 5000,
      "full_width": true,
      "slides": [
        {
          "start": "",
          "end": "",
          "img": "/img/uploads/desktopliveorigins.jpg",
          "link": "https://pijamasluacheiasbc.com.br/marca/live",
          "mobile_img": "/img/uploads/mobileliveorigins.jpg"
        },
        {
          "start": "",
          "end": "",
          "img": "/img/uploads/ag25outono.jpg",
          "mobile_img": "/img/uploads/aagoutono25mobile.jpg",
          "link": "https://pijamasluacheiasbc.netlify.app/marca/alto-giro"
        },
        {
          "start": "",
          "end": "",
          "img": "/img/uploads/desktopvivame.jpg",
          "link": "https://pijamasluacheiasbc.com.br/marca/vivame",
          "mobile_img": "/img/uploads/mobilevivame.jpg"
        },
        {
          "start": "",
          "end": "",
          "img": "/img/uploads/desktopzeroacucar.jpg",
          "link": "https://pijamasluacheiasbc.com.br/marca/zero-acucar",
          "mobile_img": "/img/uploads/mobilezeoacucar.jpg"
        }
      ]
    },
    {
      "type": "shelfs-nav",
      "shuffle": true,
      "limit": 12,
      "page": 1,
      "collection_ids": [
        "682766ee578b5f79541a5516:categories:Máscara de Dormir:/mascara-de-dormir",
        "6827620e578b5f79541a4f3e:categories:Necessaire:/necessaire",
        "68276b93578b5f79541a5b47:categories:Fitness:/fitness"
      ],
      "shelfs_title": "Acessórios que fazem a diferença!",
      "autoplay": 5000
    },
    {
      "type": "banner-slider",
      "autoplay": 9000,
      "full_width": true,
      "slides": [
        {
          "start": "",
          "end": "",
          "img": "/img/uploads/fitaupoutono.jpg",
          "link": "https://pijamasluacheiasbc.com.br/marca/fita-up",
          "mobile_img": "/img/uploads/fitaupoutono25mobile.jpg"
        }
      ]
    },
    {
      "type": "collection-shelf",
      "shuffle": false,
      "limit": 12,
      "page": 1,
      "collection_id": "6801281bef51eb1c90d4b2f5:brands:Fita Up:/marca/fita-up",
      "sort": "news",
      "title": ""
    },
    {
      "type": "brands-carousel",
      "limit": 40,
      "offset": 0,
      "sort": "name",
      "autoplay": 0
    }
  ]
}